"Gender","Married","Dependents","Education","Self_Employed","LoanAmount","Loan_Amount_Term","Credit_History","Property_Area","Loan_Status","Total_Income","Log_ApplicantIncome","Log_CoapplicantIncome"
"1","Male","No","0","Graduate","No",NA,360,1,"Urban","Y",5849,8.67402598544303,-Inf
"2","Male","Yes","1","Graduate","No",128,360,1,"Rural","N",6091,8.43010908450912,7.3185395485679
"3","Male","Yes","0","Graduate","Yes",66,360,1,"Urban","Y",3000,8.00636756765025,-Inf
"4","Male","Yes","0","Not Graduate","No",120,360,1,"Urban","Y",4941,7.85670679309584,7.76556908109732
"5","Male","No","0","Graduate","No",141,360,1,"Urban","Y",6000,8.69951474821019,-Inf
"6","Male","Yes","2","Graduate","Yes",267,360,1,"Urban","Y",9613,8.5972974356579,8.34188696951619
"7","Male","Yes","0","Not Graduate","No",95,360,1,"Urban","Y",3849,7.75491027202143,7.32383056620232
"8","Male","Yes","3+","Graduate","No",158,360,0,"Semiurban","N",5540,8.01829613851552,7.82564473221999
"9","Male","Yes","2","Graduate","No",168,360,1,"Urban","Y",5532,8.29554851622576,7.3304052118444
"10","Male","Yes","1","Graduate","No",349,360,1,"Semiurban","N",23809,9.46039845583127,9.30273722124215
"11","Male","Yes","2","Graduate","No",70,360,1,"Urban","Y",3900,8.07090608878782,6.5510803350434
"12","Male","Yes","2","Graduate","",109,360,1,"Urban","Y",4340,7.82404601085629,7.51752085060303
"13","Male","Yes","2","Graduate","No",200,360,1,"Urban","Y",11179,8.03040956213048,9.00035980718825
"14","Male","No","0","Graduate","No",114,360,1,"Rural","N",4693,7.52456122628536,7.95155933115525
"15","Male","Yes","2","Graduate","No",17,120,1,"Urban","Y",2385,7.1693500166706,6.99025650049388
"16","Male","No","0","Graduate","No",125,360,1,"Urban","Y",4950,8.50714285556274,-Inf
"17","Male","No","1","Not Graduate","No",100,240,NA,"Urban","Y",3596,8.18757739559151,-Inf
"18","Female","No","0","Graduate","No",76,360,0,"Urban","N",3510,8.16337131645991,-Inf
"19","Male","Yes","0","Not Graduate","No",133,360,1,"Rural","N",4887,8.49433389727015,-Inf
"20","Male","Yes","0","Graduate","",115,NA,1,"Urban","Y",6100,7.86326672400957,8.1605182474775
"21","Male","Yes","0","Not Graduate","No",104,360,0,"Urban","N",7660,8.94376726273464,-Inf
"22","Male","Yes","1","Graduate","No",315,360,1,"Urban","Y",11580,8.6919864817894,8.63497622707262
"23","Male","Yes","0","Not Graduate","No",116,360,0,"Semiurban","N",4511,7.86326672400957,7.55538194424027
"24","","Yes","2","Not Graduate","No",112,360,0,"Rural","N",5282,8.12118324207883,7.55851674304564
"25","Male","Yes","1","Graduate","",151,360,NA,"Semiurban","N",6642,8.22067217029725,7.98104975966596
"26","Male","Yes","0","Graduate","Yes",191,360,1,"Semiurban","Y",9560,9.16534300604545,-Inf
"27","Male","Yes","0","Graduate","No",122,360,1,"Semiurban","Y",5052,7.93701748951545,7.72001794043224
"28","Male","Yes","2","Not Graduate","No",110,360,1,"Urban","Y",5266,8.349011198176,6.94697599213542
"29","Male","No","0","Not Graduate","No",35,360,1,"Urban","N",1442,7.27378631784489,-Inf
"30","Female","No","2","Graduate","",120,360,1,"Semiurban","Y",5833,8.22951111896446,7.64156444126097
"31","Male","Yes","1","Graduate","",201,360,NA,"Urban","N",7535,8.33471162182092,8.12237124340655
"32","Male","No","0","Graduate","No",74,360,1,"Urban","N",3167,8.06054004653864,-Inf
"33","Male","No","1","Graduate","Yes",106,360,1,"Rural","N",4692,8.45361420977337,-Inf
"34","Male","Yes","0","Graduate","No",114,360,1,"Semiurban","Y",5167,8.1605182474775,7.41878088275079
"35","Male","No","3+","Graduate","No",320,360,1,"Rural","N",15500,9.43348392329039,8.00636756765025
"36","Male","Yes","0","Graduate","No",NA,360,1,"Urban","Y",4342,7.72973533138505,7.63385355968177
"37","Male","Yes","0","Graduate","No",100,NA,0,"Urban","N",3158,7.5109777520141,7.1929342212158
"38","Female","Yes","0","Graduate","No",144,360,1,"Semiurban","Y",5126,8.20712916807133,7.28550654852279
"39","Male","No","0","Graduate","No",184,360,1,"Urban","Y",11376,8.33471162182092,8.88322423027899
"40","Male","No","0","Not Graduate","No",110,360,1,"Semiurban","Y",5416,8.22897764335831,7.41938058291869
"41","Male","No","0","Graduate","No",80,360,1,"Urban","N",3600,8.1886891244442,-Inf
"42","Male","No","0","Graduate","No",47,360,1,"Urban","Y",3013,7.49554194388426,7.10085190894405
"43","Male","Yes","0","Graduate","No",75,360,NA,"Urban","Y",2400,7.78322401633604,-Inf
"44","Male","Yes","0","Graduate","No",134,360,1,"Semiurban","Y",6277,8.279189777195,7.75619534394812
"45","Male","Yes","0","Not Graduate","Yes",96,NA,1,"Urban","Y",4695,8.45425339164236,-Inf
"46","Female","No","0","Graduate","No",88,NA,1,"Urban","Y",3410,8.13446757027756,-Inf
"47","Male","Yes","1","Graduate","No",44,360,1,"Urban","Y",5649,8.63923381732526,-Inf
"48","Male","Yes","0","Graduate","No",144,360,1,"Urban","Y",5821,8.66922734727174,-Inf
"49","Female","Yes","0","Graduate","No",120,360,0,"Urban","N",6085,7.8804263442924,8.14322675036744
"50","Female","No","0","Graduate","No",144,360,1,"Semiurban","Y",6275,8.29404964010203,7.72973533138505
"51","Female","Yes","0","Not Graduate","No",100,360,1,"Semiurban","Y",3572,7.56423847517049,7.40488757561612
"52","Female","No","0","Graduate","No",120,360,1,"Semiurban","Y",3086,8.03463103292311,-Inf
"53","Female","No","0","Graduate","No",112,360,1,"Semiurban","N",4230,8.34995727204032,-Inf
"54","Male","Yes","2","Graduate","No",134,360,1,"Urban","N",4616,8.43728380818794,-Inf
"55","Female","Yes","1","Graduate","Yes",286,360,0,"Urban","N",11500,9.35010231435134,-Inf
"56","Male","Yes","2","Graduate","No",97,360,1,"Semiurban","Y",3875,7.90396563403217,7.06219163228656
"57","Male","Yes","0","Graduate","No",96,360,1,"Semiurban","Y",3723,7.66481578528574,7.37211802833779
"58","Male","Yes","0","Graduate","No",135,360,1,"Rural","N",5566,8.12148037475075,7.69621263934641
"59","Male","Yes","1","Graduate","No",180,360,1,"Urban","Y",10330,8.99714715151514,7.71868549519847
"60","Male","Yes","2","Not Graduate","No",144,360,1,"Urban","Y",6216,8.11880299698004,7.95822719232231
"61","Male","Yes","0","Graduate","No",120,360,1,"Urban","Y",6296,7.82404601085629,8.24170315972982
"62","Male","Yes","3+","Graduate","No",99,360,1,"Urban","Y",3029,8.01598781102724,-Inf
"63","Male","Yes","0","Not Graduate","Yes",165,180,0,"Rural","N",6058,7.86672228513673,8.14583961293684
"64","Male","Yes","1","Graduate","No",NA,360,0,"Rural","N",4945,8.50613224405681,-Inf
"65","Female","No","0","Graduate","No",116,360,0,"Semiurban","N",4166,8.33471162182092,-Inf
"66","Male","Yes","0","Graduate","No",258,360,1,"Semiurban","N",10321,8.65277248565806,8.43272403478979
"67","Male","No","0","Not Graduate","No",126,180,0,"Urban","N",5454,8.07090608878782,7.72046169459972
"68","Male","Yes","1","Graduate","No",312,360,1,"Urban","Y",10750,9.28266103355581,-Inf
"69","Male","Yes","3+","Not Graduate","Yes",125,60,1,"Urban","Y",7100,8.86785006302941,-Inf
"70","Female","No","0","Graduate","No",136,360,0,"Semiurban","N",4300,8.36637030168165,-Inf
"71","Male","Yes","0","Graduate","No",172,360,1,"Urban","Y",6274,8.07340296898641,8.02812905943176
"72","Male","Yes","2","Not Graduate","Yes",97,360,1,"Semiurban","Y",3750,7.53636393840451,7.53636393840451
"73","Male","No","0","Graduate","No",81,300,1,"Semiurban","Y",3500,8.1605182474775,-Inf
"74","Male","Yes","3+","Not Graduate","No",95,NA,0,"Semiurban","N",4755,8.46695197497949,-Inf
"75","Male","Yes","3+","Graduate","Yes",187,360,1,"Semiurban","Y",7040,8.56902634005625,7.48099216286952
"76","Male","No","0","Graduate","No",113,480,1,"Urban","N",3750,8.22951111896446,-Inf
"77","Male","No","0","Graduate","No",176,360,1,"Urban","N",8500,8.22951111896446,8.46589989702869
"78","Male","Yes","1","Graduate","Yes",110,360,1,"Urban","N",4022,6.90775527898214,8.01367414283268
"79","Male","Yes","3+","Graduate","No",180,300,0,"Semiurban","N",7167,8.06054004653864,8.29404964010203
"80","Male","Yes","3+","Not Graduate","Yes",130,360,NA,"Semiurban","Y",5499,8.11162807830774,7.68063742756094
"81","Female","No","0","Graduate","No",111,360,1,"Semiurban","Y",3846,8.25478892614873,-Inf
"82","Male","Yes","1","Graduate","Yes",NA,360,1,"Semiurban","Y",2395,7.78113850984502,-Inf
"83","Female","Yes","2","Graduate","No",167,360,1,"Urban","N",3259,7.2283884515736,7.53955882930103
"84","Male","Yes","0","Graduate","No",265,360,NA,"Semiurban","N",8250,8.69951474821019,7.71868549519847
"85","Male","Yes","1","Graduate","No",50,240,1,"Urban","Y",3988,8.29104513108173,-Inf
"86","Male","No","0","Graduate","No",136,360,1,"Semiurban","Y",4897,7.76895604453833,7.83636976054512
"87","Male","Yes","2","Not Graduate","No",99,360,NA,"Semiurban","Y",5333,8.11162807830774,7.60090245954208
"88","Male","Yes","0","Graduate","No",104,360,1,"Semiurban","Y",4618,7.82404601085629,7.65822752616135
"89","Male","No","0","Graduate","No",210,360,1,"Urban","Y",8566,9.05555615817532,-Inf
"90","Male","Yes","0","Graduate","No",175,360,1,"Semiurban","Y",9862,8.64734387588128,8.33495163142245
"91","Male","Yes","0","Graduate","No",131,360,1,"Semiurban","Y",5858,7.99226864327075,7.97246601597457
"92","Male","Yes","2","Graduate","No",188,180,1,"Semiurban","Y",11904,8.74033674273045,8.64011853825354
"93","Male","Yes","2","Not Graduate","No",81,360,1,"Urban","Y",5093,8.09346227450118,7.50659178007084
"94","Male","No","0","Graduate","No",122,360,1,"Semiurban","Y",4133,8.32675881451173,-Inf
"95","Male","No","0","Not Graduate","No",25,120,1,"Semiurban","Y",3620,8.19422930481982,-Inf
"96","Male","No","0","Graduate","",NA,360,NA,"Urban","N",6782,8.82202732268558,-Inf
"97","Female","Yes","0","Graduate","No",137,360,1,"Semiurban","Y",4786,7.81762544305337,7.74153358928183
"98","Male","Yes","0","Graduate","No",50,360,1,"Semiurban","Y",2974,7.58933582317062,6.90475076996184
"99","Male","Yes","0","Not Graduate","No",115,180,1,"Semiurban","Y",4188,8.33997857199043,-Inf
"100","Male","Yes","0","Graduate","No",131,360,1,"Semiurban","Y",5300,7.47250074473756,8.1721644521119
"101","Male","Yes","2","Not Graduate","No",133,180,1,"Urban","Y",7551,8.36357570275064,8.09040229659332
"102","Male","No","0","Graduate","No",151,360,1,"Semiurban","Y",8649,8.48528964240323,8.24433404785609
"103","Male","Yes","","Graduate","No",NA,360,1,"Urban","Y",13650,9.52149480061311,-Inf
"104","Male","Yes","0","Graduate","No",NA,360,1,"Semiurban","Y",8235,8.44505251363855,8.18395571730495
"105","Male","","","Graduate","No",160,360,1,"Urban","Y",4570,8.24695803256818,6.62539236800796
"106","Male","Yes","1","Graduate","No",100,360,1,"Urban","Y",4082,8.02355239240435,6.93731408122368
"107","Male","Yes","2","Graduate","No",225,360,1,"Urban","Y",12543,9.34285875167633,7.02642680869964
"108","Male","No","0","Not Graduate","",120,360,1,"Rural","N",7333,8.9001399880938,-Inf
"109","Male","Yes","2","Graduate","No",216,360,0,"Urban","N",7400,8.24275634571448,8.1886891244442
"110","Male","Yes","3+","Not Graduate","No",94,480,1,"Semiurban","Y",2825,7.63578686139558,6.62539236800796
"111","Male","No","0","Graduate","No",136,360,1,"Urban","Y",5316,8.57847641983314,-Inf
"112","Female","Yes","0","Graduate","",139,360,1,"Semiurban","Y",5262,7.98241634682773,7.75491027202143
"113","Male","Yes","0","Not Graduate","No",152,NA,0,"Rural","N",7686,8.18088094199639,8.3221510702129
"114","Female","No","1","Graduate","Yes",NA,360,1,"Semiurban","Y",7451,8.91610353055373,-Inf
"115","Male","No","0","Graduate","",118,360,1,"Semiurban","Y",5050,8.52714352226941,-Inf
"116","Male","Yes","1","Graduate","No",185,180,1,"Rural","Y",14583,9.58761174571356,-Inf
"117","Female","Yes","0","Graduate","No",154,360,1,"Semiurban","Y",5450,8.06054004653864,7.7332456465298
"118","Male","Yes","1","Graduate","No",85,360,NA,"Urban","Y",3612,7.70255611326858,7.24279792279376
"119","Male","Yes","0","Graduate","No",175,360,1,"Rural","N",7710,8.62479120201426,7.66949525100769
"120","Female","No","0","Graduate","No",259,360,1,"Urban","Y",10408,9.25033002019234,-Inf
"121","Male","Yes","","Graduate","No",180,360,1,"Rural","Y",8334,8.64241515616962,7.88870952418201
"122","Female","No","0","Graduate","No",44,360,1,"Semiurban","Y",4166,8.33471162182092,-Inf
"123","Female","No","0","Graduate","No",137,360,0,"Semiurban","Y",11117,7.66715825531915,9.10275516129625
"124","Male","Yes","2","Graduate","No",81,360,1,"Semiurban","Y",2957,7.99193051985248,-Inf
"125","Male","Yes","0","Not Graduate","No",194,360,1,"Rural","Y",6314,8.36637030168165,7.60787807327851
"126","Female","No","0","Graduate","No",93,360,NA,"Rural","Y",3692,8.21392359562274,-Inf
"127","","Yes","3+","Graduate","No",370,360,1,"Rural","Y",23803,10.077566902136,-Inf
"128","Male","No","0","Graduate","No",NA,360,1,"Rural","Y",5505,8.25971696102152,7.40245152081824
"129","Male","Yes","1","Graduate","Yes",160,180,0,"Urban","N",14363,9.26036786557583,8.25582842728183
"130","Male","Yes","0","Graduate","No",182,360,NA,"Rural","N",8649,8.71275997496021,7.85127199710988
"131","Male","No","0","Graduate","Yes",650,480,NA,"Urban","Y",20166,9.91175329695316,-Inf
"132","Male","No","0","Graduate","No",74,360,1,"Urban","Y",3943,7.60787807327851,7.56475701290573
"133","Male","No","0","Graduate","No",70,360,1,"Semiurban","Y",2718,7.90765159471109,-Inf
"134","Male","Yes","0","Graduate","Yes",25,120,1,"Semiurban","Y",3459,8.14873480893717,-Inf
"135","Male","No","0","Graduate","No",102,360,1,"Semiurban","Y",4895,8.49596955496461,-Inf
"136","Male","Yes","3+","Graduate","No",290,360,1,"Semiurban","N",11750,8.29404964010203,8.95544812234739
"137","Female","Yes","0","Graduate","No",84,360,1,"Rural","N",4583,8.43010908450912,-Inf
"138","Male","Yes","2","Graduate","Yes",88,360,1,"Urban","Y",6816,8.10651451625519,8.1605182474775
"139","Male","No","0","Graduate","No",242,360,0,"Semiurban","N",14999,9.61573881119536,-Inf
"140","Male","Yes","2","Not Graduate","No",129,360,1,"Rural","N",5630,8.34283980427146,7.26542972325395
"141","Male","Yes","2","Graduate","No",185,360,1,"Rural","N",7125,8.52555810774787,7.64156444126097
"142","Male","No","0","Graduate","No",168,360,1,"Urban","Y",5417,8.5972974356579,-Inf
"143","Male","No","0","Graduate","Yes",175,180,1,"Semiurban","Y",6950,8.84649693855884,-Inf
"144","Male","Yes","0","Graduate","No",122,360,1,"Semiurban","Y",4732,7.9002660367677,7.61775957660851
"145","Male","Yes","2","Graduate","No",187,180,1,"Urban","Y",11757,9.37220408686774,-Inf
"146","Female","Yes","0","Graduate","No",100,360,1,"Semiurban","Y",6816,7.75362354655975,8.40871671508015
"147","Female","Yes","2","Graduate","No",70,360,1,"Urban","Y",14866,9.60683200528524,-Inf
"148","Male","Yes","1","Graduate","No",30,360,1,"Urban","Y",2963,7.33823815006559,7.26192709270275
"149","Female","No","0","Graduate","No",225,360,1,"Rural","N",11666,9.21034037197618,7.41818082272679
"150","Male","Yes","0","Graduate","No",125,360,1,"Semiurban","Y",5690,8.48879371689454,6.72142570079064
"151","Male","No","0","Graduate","No",118,360,0,"Rural","N",6277,8.74464743831753,-Inf
"152","Male","Yes","0","Graduate","Yes",152,360,1,"Rural","Y",6327,7.85438121065236,8.22951111896446
"153","Male","No","0","Graduate","No",244,360,1,"Urban","N",9166,9.12325626506907,-Inf
"154","Male","Yes","2","Not Graduate","No",113,360,1,"Rural","N",2281,7.73236922228439,-Inf
"155","Male","No","0","Graduate","No",50,360,1,"Urban","Y",3254,8.08764028777898,-Inf
"156","Male","Yes","3+","Graduate","No",600,180,0,"Semiurban","Y",39999,10.5966097327836,-Inf
"157","Male","Yes","1","Graduate","No",160,360,NA,"Rural","Y",6000,8.69951474821019,-Inf
"158","Male","Yes","1","Graduate","No",187,360,1,"Urban","Y",9538,9.16303909885817,-Inf
"159","Male","No","0","Graduate","",120,360,1,"Rural","Y",5063,7.99967857949945,7.64156444126097
"160","Male","Yes","0","Graduate","No",255,360,1,"Semiurban","Y",10208,8.43010908450912,8.63497622707262
"161","Male","Yes","0","Not Graduate","No",98,360,1,"Semiurban","Y",2904,7.52994337060159,6.94793706861497
"162","Male","Yes","0","Graduate","No",275,360,1,"Urban","N",7933,8.978786553302,-Inf
"163","Male","Yes","1","Graduate","No",121,360,0,"Semiurban","N",4369,8.03560269291858,7.15461535691366
"164","Male","Yes","2","Graduate","No",158,360,1,"Rural","Y",5614,8.33495163142245,7.27724772663148
"165","Male","Yes","0","Graduate","No",75,180,1,"Urban","Y",9323,9.14023974429669,-Inf
"166","Male","Yes","0","Graduate","No",182,NA,1,"Rural","Y",6873,8.21797820315073,8.06022424044096
"167","Female","Yes","0","Graduate","No",112,360,1,"Rural","N",4583,8.43010908450912,-Inf
"168","Male","Yes","0","Graduate","No",129,360,1,"Rural","Y",5772,7.79934339821592,8.11162807830774
"169","Male","No","0","Graduate","No",63,480,0,"Semiurban","N",2237,7.71289096149013,-Inf
"170","Male","Yes","2","Graduate","No",200,360,1,"Semiurban","Y",8000,8.98719682066197,-Inf
"171","Male","Yes","0","Not Graduate","",95,360,1,"Rural","Y",3589,7.50659178007084,7.47816969415979
"172","","Yes","3+","Graduate","No",700,300,1,"Urban","Y",51763,10.8544308873097,-Inf
"173","Male","Yes","3+","Not Graduate","No",81,180,1,"Rural","N",3522,8.16678428905615,-Inf
"174","Male","Yes","0","Graduate","No",187,360,1,"Semiurban","Y",11333,8.64962397859673,8.63497622707262
"175","Male","Yes","0","Not Graduate","Yes",87,360,1,"Semiurban","N",5080,8.37655086161377,6.60123011872888
"176","Male","Yes","0","Graduate","No",116,360,1,"Rural","Y",5461,8.15966073706338,7.58273848891441
"177","Male","Yes","2","Graduate","No",101,360,1,"Rural","Y",3664,7.6231530684769,7.38956395367764
"178","Male","Yes","3+","Graduate","No",495,360,0,"Semiurban","N",16816,8.61540823891319,9.33255800470043
"179","Male","Yes","1","Graduate","No",116,360,1,"Semiurban","Y",3750,8.22951111896446,-Inf
"180","Male","No","0","Not Graduate","No",102,480,0,"Urban","N",3784,7.75491027202143,7.28000825288419
"181","Male","Yes","1","Graduate","No",180,360,0,"Urban","N",13650,8.76405326934776,8.88875674784872
"182","Male","No","0","Graduate","No",67,360,NA,"Rural","N",6979,7.55799495853081,8.52971447196991
"183","Male","Yes","0","Graduate","No",73,180,1,"Semiurban","Y",4600,8.43381158247719,-Inf
"184","Male","Yes","1","Graduate","No",260,360,1,"Semiurban","N",33846,10.429576102968,-Inf
"185","Female","Yes","0","Graduate","No",108,360,1,"Semiurban","Y",3625,8.19560956728878,-Inf
"186","Male","Yes","0","Graduate","Yes",120,360,1,"Semiurban","Y",43897,10.5750790701304,8.46589989702869
"187","Male","Yes","1","Graduate","Yes",66,300,0,"Rural","N",2178,7.68616230349291,-Inf
"188","Male","Yes","0","Graduate","No",58,360,NA,"Rural","Y",4521,7.77611547709874,7.66762609158499
"189","","Yes","0","Graduate","Yes",168,360,1,"Rural","Y",5970,6.51323011091231,8.57470709761684
"190","Male","Yes","0","Graduate","No",188,180,1,"Rural","Y",9328,9.14077590859027,-Inf
"191","Male","No","0","Not Graduate","No",48,360,1,"Rural","Y",4885,8.49392456447688,-Inf
"192","Male","No","0","Graduate","No",164,360,1,"Semiurban","N",12000,9.39266192877014,-Inf
"193","Male","Yes","0","Not Graduate","No",160,360,1,"Urban","N",6033,8.70499967844076,-Inf
"194","Male","No","0","Graduate","No",76,360,1,"Semiurban","Y",3858,8.25790419346567,-Inf
"195","Male","No","0","Graduate","No",120,360,1,"Rural","Y",4191,8.34069464792507,-Inf
"196","Male","Yes","1","Graduate","No",170,360,1,"Semiurban","N",5708,8.0471895621705,7.85670679309584
"197","Male","No","0","Graduate","No",187,360,1,"Rural","Y",12083,9.02797881438221,8.22951111896446
"198","Female","No","0","Not Graduate","No",120,NA,1,"Urban","Y",4272,7.55328660560042,7.76853330092603
"199","Female","Yes","0","Graduate","No",113,360,NA,"Semiurban","Y",6232,8.13622555490846,7.94307271727793
"200","Male","No","0","Graduate","Yes",83,360,1,"Urban","N",11000,9.30565055178051,-Inf
"201","Male","Yes","1","Not Graduate","No",90,360,1,"Semiurban","Y",5100,7.86326672400957,7.82404601085629
"202","Male","No","2","Graduate","No",166,360,0,"Semiurban","Y",4923,8.5016733797582,-Inf
"203","Male","Yes","3+","Not Graduate","No",NA,180,1,"Urban","N",3992,8.29204763743135,-Inf
"204","Male","Yes","1","Not Graduate","No",135,360,1,"Urban","Y",4583,8.1605182474775,6.98749024700099
"205","Male","Yes","2","Not Graduate","No",124,360,1,"Semiurban","Y",3917,8.27308133366583,-Inf
"206","Female","No","0","Not Graduate","No",120,360,1,"Semiurban","Y",4408,8.39117635083275,-Inf
"207","Female","No","0","Graduate","No",80,360,1,"Urban","Y",3244,8.0845624152353,-Inf
"208","Male","No","0","Not Graduate","No",55,360,1,"Rural","Y",6506,8.28778002708843,7.83636976054512
"209","Male","No","0","Graduate","No",59,360,1,"Urban","Y",2479,7.81561053203519,-Inf
"210","Male","No","0","Graduate","No",127,360,1,"Semiurban","N",3418,8.13681086367554,-Inf
"211","Female","No","0","Graduate","No",214,360,1,"Semiurban","N",10000,9.21034037197618,-Inf
"212","Male","Yes","3+","Graduate","No",128,360,0,"Semiurban","N",4680,8.14031554015999,7.13089883029635
"213","Male","Yes","1","Graduate","Yes",240,360,1,"Urban","Y",7787,8.96021095557699,-Inf
"214","Male","Yes","3+","Not Graduate","Yes",130,360,1,"Rural","Y",5703,8.64874763115654,-Inf
"215","Male","Yes","0","Graduate","No",137,360,1,"Urban","Y",6194,8.06243279158319,8.01334318138667
"216","Male","Yes","3+","Not Graduate","No",100,360,1,"Semiurban","Y",4833,8.25582842728183,6.89060912014717
"217","Male","Yes","0","Graduate","No",135,360,1,"Rural","N",1950,5.01063529409626,7.49554194388426
"218","Male","Yes","0","Graduate","No",131,360,1,"Semiurban","Y",5502,8.22335889947926,7.48155570190952
"219","Male","Yes","2","Graduate","",72,360,0,"Semiurban","N",5000,8.51719319141624,-Inf
"220","Female","Yes","2","Graduate","No",127,360,NA,"Semiurban","Y",6666,8.36240897761537,7.77611547709874
"221","Male","Yes","0","Graduate","No",60,360,0,"Urban","N",2221,7.70571282389443,-Inf
"222","Male","Yes","2","Graduate","No",116,360,1,"Semiurban","Y",5726,8.29629711264251,7.44833386089748
"223","Male","No","0","Graduate","No",144,360,1,"Semiurban","Y",5762,7.99665387546261,7.93415523353632
"224","Male","Yes","0","Graduate","No",175,NA,1,"Semiurban","Y",8588,8.93300459157855,6.9177056098353
"225","Male","Yes","0","Graduate","No",128,360,1,"Semiurban","Y",6250,8.74033674273045,-Inf
"226","Male","Yes","0","Graduate","No",170,360,1,"Rural","N",3250,8.08641027532378,-Inf
"227","Male","Yes","","Not Graduate","Yes",138,360,1,"Urban","N",4735,8.46273700562018,-Inf
"228","Male","Yes","2","Graduate","No",210,360,1,"Semiurban","Y",7945,8.74033674273045,7.43543801981455
"229","Male","","","Graduate","No",158,480,1,"Semiurban","Y",4758,8.4675826908629,-Inf
"230","Male","No","0","Graduate","Yes",200,360,1,"Rural","Y",6400,8.76405326934776,-Inf
"231","Male","Yes","1","Graduate","No",104,360,1,"Semiurban","Y",4545,7.82043951526218,7.6275443904885
"232","Male","Yes","0","Graduate","",42,180,1,"Rural","Y",3716,8.22040309993373,-Inf
"233","Male","No","0","Not Graduate","No",120,NA,1,"Rural","Y",5787,8.06746266701006,7.86249719723055
"234","Female","No","0","Graduate","No",280,360,1,"Semiurban","Y",8333,9.02797881438221,-Inf
"235","Male","Yes","1","Graduate","No",140,360,1,"Semiurban","Y",4934,8.05674377497531,7.48380668766583
"236","Male","Yes","1","Graduate","No",170,360,1,"Rural","Y",6760,8.61250337122056,7.13886699994552
"237","Male","Yes","0","Graduate","",255,360,NA,"Urban","N",5746,8.65625923953924,-Inf
"238","Female","No","0","Graduate","Yes",122,360,NA,"Urban","Y",3463,8.14989054440242,-Inf
"239","Female","No","1","Graduate","No",112,360,1,"Rural","Y",3812,8.24590926477409,-Inf
"240","Male","Yes","1","Graduate","No",96,360,1,"Semiurban","Y",3315,8.10621290261996,-Inf
"241","Male","Yes","2","Graduate","No",120,360,1,"Rural","Y",10819,8.66888370465667,8.51719319141624
"242","Male","Yes","1","Not Graduate","No",140,180,1,"Urban","N",4493,7.82803803212583,7.5923661285198
"243","Male","No","0","Graduate","No",155,60,1,"Urban","Y",8666,7.99463231143183,8.64839687703158
"244","Male","Yes","2","Graduate","Yes",108,360,1,"Rural","Y",7550,8.74033674273045,7.17011954344963
"245","Male","Yes","0","Not Graduate","No",123,360,1,"Semiurban","Y",7823,8.13329386122263,8.39321601159653
"246","Male","No","0","Graduate","Yes",120,180,1,"Urban","N",10383,8.70781355102489,8.37401542173991
"247","Male","Yes","2","Graduate","No",112,360,1,"Urban","Y",9703,9.1801903950253,-Inf
"248","Male","Yes","1","Not Graduate","No",137,180,1,"Urban","Y",6608,8.79603631520081,-Inf
"249","Male","Yes","1","Graduate","No",123,480,1,"Semiurban","Y",4725,7.96623977655947,7.51914995766982
"250","Male","Yes","0","Graduate","No",90,360,1,"Urban","Y",3677,7.50052948539529,7.53262361878879
"251","Male","Yes","0","Not Graduate","No",201,360,0,"Semiurban","N",5558,7.41938058291869,8.26616443661249
"252","Female","No","2","Graduate","No",138,360,1,"Urban","N",3427,8.13944052187461,-Inf
"253","Male","No","0","Not Graduate","Yes",104,360,1,"Rural","Y",4750,7.85670679309584,7.68109900153636
"254","Male","Yes","1","Not Graduate","No",279,180,1,"Semiurban","Y",9762,7.88645727097769,8.86799089818209
"255","Male","No","0","Graduate","Yes",192,360,0,"Urban","N",16250,9.69584818775788,-Inf
"256","Female","No","3+","Graduate","No",255,360,1,"Rural","Y",3083,8.03365842788615,-Inf
"257","Male","No","0","Not Graduate","No",115,360,0,"Rural","N",6045,8.70698676304889,-Inf
"258","Male","Yes","3+","Graduate","No",94,360,1,"Urban","N",5250,8.56598335558567,-Inf
"259","Male","Yes","0","Graduate","No",304,360,1,"Rural","N",16783,9.59444564096294,7.64969262371151
"260","Male","Yes","3+","Not Graduate","No",128,360,NA,"Semiurban","N",4931,8.50329708622413,-Inf
"261","Male","Yes","1","Graduate","No",330,360,NA,"Urban","Y",10333,8.7132532743207,8.35467426191846
"262","Male","No","0","Graduate","No",134,360,1,"Semiurban","Y",4269,7.63046126178363,7.70029520342012
"263","Female","No","1","Graduate","No",155,36,1,"Semiurban","N",3481,8.15507488781144,-Inf
"264","Female","No","0","Graduate","No",120,360,1,"Rural","Y",7200,8.88183630500415,-Inf
"265","Male","No","0","Graduate","Yes",128,360,1,"Semiurban","Y",5166,8.54985397365579,-Inf
"266","Male","No","0","Graduate","No",151,360,1,"Rural","Y",7542,8.31752199628717,8.14525956651686
"267","Male","Yes","2","Graduate","No",150,360,1,"Semiurban","Y",6095,8.45701846838017,7.23489842031483
"268","Male","Yes","3+","Graduate","No",160,360,0,"Urban","Y",6144,8.37401542173991,7.50163445788341
"269","Female","No","0","Graduate","",135,360,1,"Rural","N",3418,8.13681086367554,-Inf
"270","Female","No","1","Graduate","No",90,360,1,"Urban","Y",4436,7.96415571884094,7.35244110024358
"271","Female","No","0","Graduate","No",30,360,1,"Urban","Y",3237,8.08240225392624,-Inf
"272","Male","Yes","0","Graduate","No",136,360,1,"Urban","Y",11146,9.31883596812948,-Inf
"273","Male","No","0","Graduate","No",126,360,1,"Rural","Y",4690,7.94909149983052,7.52671756135271
"274","Male","Yes","0","Graduate","No",150,360,1,"Semiurban","Y",4843,7.87092959675514,7.7066129139642
"275","Male","Yes","2","Graduate","No",90,360,1,"Semiurban","Y",3900,8.26873183211774,-Inf
"276","Male","Yes","1","Graduate","No",115,360,1,"Semiurban","Y",4592,7.91935619066062,7.51860721681525
"277","Male","Yes","0","Graduate","No",207,360,1,"Semiurban","Y",7267,8.29229810706322,8.09376775793108
"278","Male","Yes","0","Graduate","No",80,360,1,"Urban","Y",4403,8.04012466444838,7.17011954344963
"279","Male","Yes","0","Graduate","No",436,360,1,"Semiurban","Y",14583,9.58761174571356,-Inf
"280","Female","Yes","0","Not Graduate","No",124,360,NA,"Rural","Y",4100,8.3187422526924,-Inf
"281","Male","No","1","Not Graduate","Yes",158,360,0,"Urban","N",6479,8.30721262662831,7.793999089504
"282","Male","Yes","0","Graduate","No",112,360,1,"Semiurban","Y",4727,8.27563105457801,6.68461172766793
"283","Male","Yes","2","Graduate","No",78,180,1,"Urban","Y",3286.7999878,7.74109909003537,6.89345348189554
"284","Female","No","0","Graduate","No",54,360,1,"Urban","Y",3477,7.50163445788341,7.41818082272679
"285","Male","Yes","0","Graduate","No",NA,360,1,"Rural","N",20667,9.93629350426131,-Inf
"286","Male","No","0","Graduate","No",89,360,1,"Rural","Y",6211,8.05769419481559,8.02387999273488
"287","Female","No","0","Graduate","Yes",99,300,1,"Semiurban","N",4317,7.86326672400957,7.44833386089748
"288","Male","Yes","0","Graduate","No",120,360,1,"Rural","Y",5704,8.21716859576607,7.60090245954208
"289","Female","No","0","Graduate","No",115,360,1,"Semiurban","Y",4124,8.32457884513685,-Inf
"290","Male","No","0","Graduate","No",187,360,1,"Rural","Y",9508,9.15988882848009,-Inf
"291","Male","Yes","0","Graduate","No",139,360,1,"Rural","Y",5491,8.03106018024062,7.78986855905471
"292","Male","Yes","2","Graduate","No",127,360,0,"Semiurban","N",4400,8.38935981990635,-Inf
"293","Male","Yes","2","Graduate","No",134,360,1,"Urban","Y",4713,8.05610965954506,7.35244110024358
"294","Female","No","","Graduate","No",143,480,0,"Urban","N",5417,8.5972974356579,-Inf
"295","Male","Yes","0","Graduate","No",172,360,1,"Semiurban","Y",5717,7.77611547709874,8.11192806331074
"296","Male","Yes","3+","Graduate","",110,360,1,"Urban","Y",5666,8.39298958795693,7.13089883029635
"297","Male","Yes","1","Graduate","No",200,360,1,"Semiurban","Y",6875,8.83564692253477,-Inf
"298","Female","Yes","1","Graduate","No",135,360,1,"Urban","Y",4666,8.44805745258138,-Inf
"299","Female","No","0","Graduate","No",151,480,1,"Rural","N",7541,8.51719319141624,7.84031298332016
"300","Male","Yes","1","Graduate","No",113,360,1,"Urban","N",4939,7.60787807327851,7.98104975966596
"301","Male","Yes","0","Not Graduate","No",93,360,0,"Urban","N",4734,7.49554194388426,7.98412195870293
"302","Male","Yes","","Not Graduate","No",105,360,1,"Semiurban","Y",4625,7.96380795323145,7.46737106691756
"303","Female","No","0","Graduate","No",132,360,1,"Rural","Y",5000,8.51719319141624,-Inf
"304","Male","Yes","1","Graduate","No",96,360,1,"Urban","Y",3428,7.39326309476384,7.49720722320332
"305","Male","No","0","Graduate","No",140,360,1,"Rural","Y",6500,8.29404964010203,7.82404601085629
"306","Male","No","0","Not Graduate","No",NA,360,1,"Urban","N",2000,7.60090245954208,-Inf
"307","Female","No","0","Graduate","No",135,360,1,"Rural","Y",5428,8.23270600986098,7.41818082272679
"308","Female","No","0","Graduate","No",104,360,0,"Urban","N",4263,7.78322401633604,7.52994337060159
"309","Male","No","0","Graduate","No",480,360,1,"Rural","N",20233,9.9150702137792,-Inf
"310","Male","Yes","2","Not Graduate","No",185,360,NA,"Rural","Y",7667,8.94468068355889,-Inf
"311","Female","No","0","Graduate","No",84,360,1,"Semiurban","Y",2917,7.97831096986772,-Inf
"312","Male","No","0","Not Graduate","No",111,360,1,"Semiurban","Y",5332,7.98173328669189,7.78530518253986
"313","Female","No","0","Graduate","No",56,360,1,"Rural","Y",2507,7.82684209815829,-Inf
"314","Male","Yes","2","Graduate","Yes",144,84,NA,"Rural","Y",5746,8.65625923953924,-Inf
"315","","Yes","0","Graduate","No",159,360,1,"Rural","N",4316,7.81318726752142,7.51914995766982
"316","Male","Yes","1","Not Graduate","No",111,180,1,"Urban","Y",5039,8.13123654969612,7.40245152081824
"317","Male","Yes","2","Graduate","No",120,360,1,"Semiurban","Y",3717,8.22067217029725,-Inf
"318","Male","Yes","0","Graduate","No",88,360,NA,"Urban","Y",4192,7.62948991639399,7.6657534318617
"319","Female","No","1","Graduate","No",112,360,NA,"Semiurban","Y",3541,8.1721644521119,-Inf
"320","Male","Yes","1","Graduate","Yes",155,360,1,"Rural","N",10000,9.21034037197618,-Inf
"321","Male","Yes","0","Graduate","No",115,360,1,"Semiurban","Y",4567,7.78322401633604,7.68109900153636
"322","Male","Yes","3+","Graduate","No",124,360,1,"Semiurban","Y",4531,8.37609035043824,5.24174701505964
"323","Male","Yes","2","Not Graduate","No",NA,360,1,"Rural","Y",5191,8.18896686364888,7.37148929521428
"324","Female","No","0","Graduate","No",132,360,NA,"Rural","Y",6151,8.06022424044096,8.0013550258267
"325","Male","Yes","3+","Graduate","No",300,360,1,"Rural","Y",15000,9.61580548008435,-Inf
"326","Male","Yes","1","Graduate","Yes",376,360,0,"Rural","N",13649,9.06716260229985,8.5137873982814
"327","Male","No","0","Graduate","No",130,360,0,"Rural","Y",4917,8.50045386741194,-Inf
"328","Male","Yes","0","Graduate","Yes",184,360,1,"Semiurban","Y",7978,8.66871183905515,7.67786350067821
"329","Female","Yes","0","Graduate","No",110,360,1,"Urban","N",6784,8.37401542173991,7.80425138352811
"330","Female","No","0","Graduate","No",67,360,1,"Urban","Y",2500,7.82404601085629,-Inf
"331","Male","No","1","Graduate","No",117,360,1,"Urban","Y",6177,8.38571682862785,7.49164547360513
"332","Male","No","0","Graduate","No",98,360,1,"Semiurban","Y",2935,7.9844627322622,-Inf
"333","Male","No","","Graduate","No",71,360,1,"Urban","Y",2833,7.94909149983052,-Inf
"334","Male","Yes","0","Graduate","",490,180,1,"Urban","Y",63337,11.0562249555355,-Inf
"335","","Yes","1","Graduate","Yes",182,180,1,"Urban","Y",11666,9.19349935478016,7.5137092478397
"336","Male","Yes","","Graduate","Yes",70,NA,1,"Semiurban","Y",9993,8.61304867705976,8.4096079807363
"337","Male","Yes","1","Graduate","",160,360,1,"Rural","Y",5938,8.56598335558567,6.53378883793334
"338","Male","Yes","2","Graduate","Yes",176,360,1,"Rural","Y",7100,7.82404601085629,8.43381158247719
"339","Female","No","3+","Not Graduate","No",NA,360,0,"Urban","N",1830,7.51207124583547,-Inf
"340","Female","No","0","Graduate","No",71,360,1,"Semiurban","Y",4160,8.33327035325531,-Inf
"341","Male","Yes","3+","Not Graduate","No",173,360,1,"Rural","N",4234,7.8811822022271,7.36960072052641
"342","Female","No","0","Graduate","No",46,360,1,"Rural","N",2378,7.77401507725073,-Inf
"343","Male","Yes","1","Not Graduate","No",158,360,1,"Urban","Y",5783,8.42376124662369,7.11395610956603
"344","Male","Yes","3+","Not Graduate","No",74,360,1,"Semiurban","Y",3173,8.06243279158319,-Inf
"345","Male","Yes","2","Graduate","",125,360,1,"Rural","Y",4913,7.85670679309584,7.75362354655975
"346","Male","Yes","0","Graduate","No",160,360,1,"Semiurban","Y",4957,7.82364593083495,7.80710329012598
"347","Male","Yes","","Not Graduate","No",152,360,0,"Rural","N",6753,8.16706817834124,8.0802374162167
"348","Male","Yes","2","Not Graduate","No",126,360,1,"Urban","Y",5251,8.03365842788615,7.68156036255954
"349","Male","Yes","0","Graduate","No",259,360,NA,"Semiurban","Y",10916,8.75352933651643,8.43010908450912
"350","Male","Yes","0","Graduate","No",187,360,1,"Rural","Y",8875,7.87283617502572,8.74033674273045
"351","Male","Yes","0","Graduate","No",228,360,1,"Semiurban","Y",9083,9.11415981350221,-Inf
"352","Male","No","0","Graduate","No",308,360,1,"Rural","N",12917,9.07680897935166,8.33495163142245
"353","Male","Yes","3+","Graduate","No",95,360,1,"Rural","Y",4749,7.88833450073865,7.64156444126097
"354","Female","Yes","0","Graduate","Yes",105,360,0,"Rural","N",5500,8.61250337122056,-Inf
"355","Female","Yes","0","Graduate","No",130,360,1,"Semiurban","Y",2928,7.79276172081653,6.22455842927536
"356","Female","No","","Graduate","No",116,180,1,"Urban","Y",3813,8.24617155985756,-Inf
"357","Male","Yes","2","Graduate","No",165,360,1,"Rural","Y",11500,9.02797881438221,8.06054004653864
"358","Male","Yes","1","Graduate","No",67,360,1,"Urban","N",3875,8.26230094178745,-Inf
"359","Male","Yes","0","Not Graduate","No",100,480,0,"Urban","N",4666,8.00636756765025,7.41818082272679
"360","Male","Yes","3+","Graduate","No",200,360,1,"Semiurban","Y",8334,8.55004752828718,8.06054004653864
"361","Female","No","1","Graduate","No",81,360,1,"Semiurban","N",4723,8.46019946989612,-Inf
"362","Male","Yes","2","Graduate","No",236,360,1,"Semiurban","Y",8667,8.51719319141624,8.20712916807133
"363","Male","Yes","0","Graduate","No",130,360,1,"Urban","Y",7083,8.46589989702869,7.75491027202143
"364","Male","Yes","0","Graduate","No",95,300,NA,"Urban","Y",6046,8.0106915391303,8.01730750768858
"365","Male","No","0","Graduate","Yes",141,360,1,"Rural","Y",6822,8.82790796297859,-Inf
"366","Male","No","0","Not Graduate","No",133,360,1,"Rural","N",6216,8.73488189204748,-Inf
"367","Male","No","0","Graduate","No",96,480,1,"Semiurban","N",2500,7.82404601085629,-Inf
"368","Male","No","0","Graduate","No",124,NA,0,"Rural","N",5124,8.54169066301663,-Inf
"369","Male","Yes","1","Graduate","No",175,360,1,"Semiurban","Y",6325,8.75226531359572,-Inf
"370","Male","Yes","0","Graduate","No",570,360,1,"Rural","N",24996,9.88989559901666,8.56902634005625
"371","Female","No","0","Graduate","Yes",55,360,1,"Semiurban","Y",15759,9.66516690962207,-Inf
"372","Male","Yes","2","Graduate","No",155,360,1,"Semiurban","Y",5185,8.55352512066363,-Inf
"373","Male","Yes","2","Graduate","Yes",380,300,1,"Rural","Y",17196,9.14023974429669,8.97119446318447
"374","Male","No","1","Graduate","No",111,180,0,"Urban","N",5049,8.02682357621763,7.59438124255182
"375","Female","No","0","Graduate","",110,360,1,"Urban","Y",4223,7.92443418488756,7.28550654852279
"376","Male","Yes","0","Graduate","No",120,180,1,"Urban","Y",5740,8.47990660663022,6.82762923450285
"377","Male","Yes","3+","Graduate","No",130,360,1,"Rural","Y",13746,9.07680897935166,8.51639287124547
"378","Male","Yes","0","Graduate","No",130,360,NA,"Semiurban","Y",4310,8.36869318309779,-Inf
"379","Male","No","0","Graduate","No",71,480,1,"Urban","N",3069,8.02910705461974,-Inf
"380","Male","Yes","2","Graduate","No",130,360,1,"Urban","Y",5391,8.59248617545167,-Inf
"381","Male","Yes","0","Graduate","",128,360,1,"Semiurban","Y",5833,8.11162807830774,7.82404601085629
"382","Male","No","0","Graduate","No",296,360,1,"Semiurban","Y",10173,8.68963274835574,8.35042997353814
"383","Female","No","0","Graduate","No",156,360,1,"Urban","Y",6000,8.69951474821019,-Inf
"384","Male","No","0","Graduate","Yes",128,360,1,"Urban","Y",7167,8.87724243599392,-Inf
"385","Male","Yes","2","Graduate","No",100,360,1,"Urban","N",4566,8.42639282708974,-Inf
"386","Male","No","1","Graduate","",113,180,1,"Urban","Y",3667,8.20712916807133,-Inf
"387","Male","No","0","Not Graduate","No",132,360,1,"Semiurban","Y",3946,7.76046702921342,7.37775890822787
"388","Male","Yes","0","Not Graduate","No",NA,360,0,"Urban","N",6146,8.00969535774292,8.0507033814703
"389","Male","Yes","0","Graduate","No",136,360,1,"Urban","Y",4750,7.75491027202143,7.79028238070348
"390","Male","Yes","0","Graduate","No",125,360,1,"Rural","Y",5488,8.61031916940572,-Inf
"391","Male","No","3+","Graduate","No",185,360,1,"Rural","Y",9167,9.12336535796178,-Inf
"392","Male","Yes","3+","Graduate","No",275,360,1,"Rural","Y",9504,9.15946804160243,-Inf
"393","Male","Yes","0","Graduate","No",120,360,NA,"Urban","Y",4698,7.85670679309584,7.65681009148038
"394","Male","Yes","2","Not Graduate","No",113,180,1,"Semiurban","Y",3618,7.59739632021279,7.39326309476384
"395","Male","Yes","2","Graduate","No",113,360,1,"Urban","Y",4500,8.03915739047324,7.24422751560335
"396","Male","Yes","2","Graduate","No",135,360,NA,"Semiurban","Y",3760,8.09437844497296,6.18208490671663
"397","Female","No","0","Graduate","No",71,360,0,"Urban","N",3180,8.06463647577422,-Inf
"398","Male","Yes","0","Graduate","No",95,360,1,"Urban","Y",4492,8.01730750768858,7.28550654852279
"399","Male","No","0","Not Graduate","No",109,360,1,"Rural","Y",5568,8.26924452118306,7.41818082272679
"400","Female","No","0","Graduate","No",103,360,0,"Semiurban","N",3300,7.3132203870903,7.49554194388426
"401","Male","Yes","2","Not Graduate","No",45,180,0,"Urban","N",2889,7.96866570046623,-Inf
"402","Male","No","0","Not Graduate","No",65,300,1,"Rural","N",2755,7.92117272158701,-Inf
"403","Male","No","0","Graduate","No",103,360,1,"Semiurban","Y",22500,7.82404601085629,9.90348755253613
"404","Female","No","0","Not Graduate","No",53,360,1,"Semiurban","Y",1963,7.58222919427646,-Inf
"405","Female","No","0","Graduate","Yes",194,360,1,"Rural","N",7441,8.91476052739726,-Inf
"406","Female","No","0","Graduate","No",115,360,1,"Semiurban","Y",4547,8.42222295382501,-Inf
"407","Male","Yes","0","Not Graduate","No",115,360,1,"Urban","Y",4567,7.68109900153636,7.78322401633604
"408","Female","No","0","Not Graduate","No",66,360,1,"Rural","Y",2213,7.70210434005105,-Inf
"409","Male","Yes","1","Graduate","No",152,300,0,"Semiurban","N",8300,9.02401079378469,-Inf
"410","Male","Yes","3+","Graduate","No",360,360,0,"Rural","N",81000,11.3022044336546,-Inf
"411","Female","No","1","Not Graduate","Yes",62,360,1,"Semiurban","N",3867,8.2602342916073,-Inf
"412","Male","Yes","0","Graduate","",160,360,NA,"Urban","Y",6256,8.74129628222515,-Inf
"413","Male","Yes","0","Not Graduate","No",218,360,0,"Rural","N",6096,8.71538809736648,-Inf
"414","Male","Yes","0","Not Graduate","No",110,360,1,"Rural","Y",4286,7.72001794043224,7.61726781362835
"415","Female","Yes","0","Not Graduate","No",178,360,0,"Semiurban","N",5386,7.67275789664251,8.08240225392624
"416","Female","No","0","Graduate","No",60,360,1,"Urban","Y",2995,8.00469951054955,-Inf
"417","Female","No","1","Graduate","No",160,360,1,"Urban","N",2600,7.86326672400957,-Inf
"418","Male","Yes","2","Graduate","Yes",239,360,1,"Urban","N",21600,7.37775890822787,9.90348755253613
"419","Male","Yes","0","Graduate","No",112,360,1,"Rural","Y",3798,6.93244789157251,7.92768504561578
"420","Male","Yes","0","Graduate","No",138,360,1,"Semiurban","Y",4663,8.08517874807454,7.25629723969068
"421","Male","Yes","0","Graduate","No",138,360,1,"Rural","Y",5829,8.67060073804555,-Inf
"422","Female","No","0","Not Graduate","No",80,NA,0,"Urban","N",2720,7.90838715929004,-Inf
"423","Male","Yes","0","Graduate","No",100,360,1,"Urban","Y",3539,7.50659178007084,7.44949800538285
"424","Male","Yes","1","Graduate","No",110,NA,0,"Urban","N",8917,8.88875674784872,7.41878088275079
"425","Male","Yes","0","Graduate","No",96,360,1,"Semiurban","Y",14880,9.60777330838708,-Inf
"426","Male","Yes","0","Graduate","No",121,360,1,"Rural","Y",6966,7.88833450073865,8.36637030168165
"427","Female","No","1","Not Graduate","No",81,360,1,"Rural","N",4606,8.43511508038063,-Inf
"428","Male","Yes","2","Graduate","No",133,360,1,"Semiurban","Y",5935,8.68862230704377,-Inf
"429","Male","Yes","0","Graduate","No",87,360,1,"Rural","Y",2936.12000084,7.97933889526233,2.78006078918766
"430","Male","No","0","Not Graduate","No",60,180,1,"Urban","Y",2717,7.90728360942635,-Inf
"431","Female","No","1","Graduate","Yes",150,360,1,"Semiurban","Y",8624,9.06230429314878,-Inf
"432","Male","No","0","Graduate","No",105,360,0,"Rural","N",6500,8.77955745588373,-Inf
"433","Male","No","0","Graduate","",405,360,1,"Semiurban","Y",12876,9.4631203924187,-Inf
"434","Male","Yes","0","Graduate","No",143,360,1,"Semiurban","Y",4765,7.79358680337158,7.75790620835175
"435","Male","No","0","Graduate","No",100,360,1,"Urban","Y",3750,8.22951111896446,-Inf
"436","Female","","","Graduate","No",NA,240,1,"Semiurban","Y",10047,9.21502936146231,-Inf
"437","Male","No","0","Graduate","No",50,360,1,"Semiurban","Y",3777,7.56320059235807,7.5234813125735
"438","Male","Yes","0","Graduate","No",NA,360,1,"Urban","Y",3338,7.70210434005105,7.02553831463852
"439","Male","No","0","Graduate","Yes",187,360,0,"Urban","N",10416,9.25109836444835,-Inf
"440","Female","Yes","0","Not Graduate","Yes",138,360,1,"Rural","Y",7142,8.87374812815439,-Inf
"441","Male","No","0","Graduate","No",187,360,1,"Semiurban","Y",8724,8.20521842639541,8.52991196382401
"442","Male","Yes","0","Graduate","No",180,360,1,"Rural","Y",9734,8.97474461272273,7.5137092478397
"443","Male","No","3+","Not Graduate","No",148,360,1,"Semiurban","Y",6700,8.45680604140114,7.59739632021279
"444","Male","No","1","Graduate","No",152,360,1,"Semiurban","Y",37719,10.5379192252613,-Inf
"445","Male","Yes","0","Graduate","No",175,300,NA,"Rural","Y",15666,8.9001399880938,9.02797881438221
"446","Male","Yes","1","Graduate","Yes",130,360,1,"Rural","Y",4676,8.15075647027555,7.09837563859079
"447","Male","Yes","2","Not Graduate","No",110,360,1,"Rural","Y",4652,8.44505251363855,-Inf
"448","Male","Yes","0","Graduate","",55,360,1,"Rural","N",4915,8.17159948034546,7.22693601849329
"449","Male","Yes","2","Graduate","No",150,360,0,"Rural","N",5050,8.11372608597075,7.44424864949671
"450","Male","No","1","Not Graduate","Yes",190,360,NA,"Semiurban","N",4311,7.92624152317096,7.34083555412327
"451","Male","Yes","2","Not Graduate","No",125,360,0,"Rural","N",3564,7.7445698093545,7.13489085156588
"452","Male","Yes","2","Not Graduate","No",60,300,NA,"Urban","Y",3414,7.57967882309046,7.28344822875663
"453","Male","Yes","0","Graduate","No",149,360,0,"Rural","N",5681,8.28096440055337,7.45760928971561
"454","Male","Yes","0","Graduate","No",90,180,0,"Rural","Y",4949,7.81722278550817,7.81035268372429
"455","Male","No","0","Graduate","Yes",84,360,1,"Semiurban","Y",7085,8.86573515212478,-Inf
"456","Male","Yes","2","Graduate","No",96,360,1,"Semiurban","Y",3859,8.25816336153762,-Inf
"457","Male","Yes","0","Graduate","No",118,360,1,"Urban","Y",4301,8.36660283278374,-Inf
"458","Male","Yes","0","Graduate","No",173,360,1,"Urban","N",6277,8.21824792668574,7.85127199710988
"459","Male","No","2","Graduate","No",136,360,1,"Rural","Y",4354,8.37885024179449,-Inf
"460","Male","Yes","0","Graduate","No",160,360,1,"Semiurban","N",8334,9.0280988119824,-Inf
"461","","Yes","0","Graduate","Yes",160,360,NA,"Semiurban","Y",6166,7.64156444126097,8.31458729131958
"462","Male","Yes","3+","Graduate","No",128,180,1,"Urban","Y",7740,8.95415696658377,-Inf
"463","Male","Yes","0","Graduate","No",153,360,1,"Rural","Y",5203,8.01135510916129,7.69074316354187
"464","Female","No","1","Not Graduate","",132,360,1,"Semiurban","Y",5191,8.55468163582723,-Inf
"465","Male","No","0","Graduate","No",98,360,0,"Semiurban","N",4166,8.33471162182092,-Inf
"466","Male","No","0","Graduate","No",140,360,1,"Rural","Y",6000,8.69951474821019,-Inf
"467","Male","Yes","3+","Not Graduate","No",70,180,0,"Urban","N",4611,7.98854298273769,7.41697962138115
"468","","Yes","0","Graduate","No",110,360,1,"Semiurban","Y",16692,9.72268484171144,-Inf
"469","Female","Yes","2","Not Graduate","",98,360,1,"Semiurban","Y",3127,5.34710753071747,7.97831096986772
"470","Male","Yes","0","Graduate","No",110,360,1,"Urban","N",6784,8.37401542173991,7.80425138352811
"471","Male","Yes","1","Graduate","Yes",162,360,1,"Semiurban","Y",5529,8.14612951002541,7.63964228785801
"472","Male","Yes","1","Not Graduate","No",113,180,0,"Rural","N",4153,7.88344635413774,7.3132203870903
"473","Male","Yes","3+","Graduate","No",100,360,1,"Semiurban","Y",4691,8.45340105832846,-Inf
"474","Female","No","0","Graduate","Yes",93,360,NA,"Urban","Y",2500,7.82404601085629,-Inf
"475","Male","No","2","Graduate","No",162,360,1,"Rural","Y",10180,8.61830469278465,8.44419229853175
"476","Male","Yes","2","Graduate","Yes",150,360,1,"Rural","Y",17539,9.71262966471989,6.92165818415113
"477","Male","Yes","2","Graduate","No",230,300,1,"Semiurban","Y",8450,8.80986280537906,7.46737106691756
"478","","Yes","2","Graduate","No",132,360,0,"Semiurban","N",4745,7.96311205897929,7.53476265703754
"479","Male","Yes","1","Graduate","Yes",86,360,1,"Semiurban","Y",18917,9.72118599554218,7.71868549519847
"480","Male","Yes","2","Graduate","No",NA,360,1,"Urban","N",4550,7.98854298273769,7.37963215260955
"481","Female","No","0","Not Graduate","No",154,360,1,"Rural","Y",4350,8.37793112408273,-Inf
"482","Male","Yes","3+","Not Graduate","No",113,360,1,"Rural","Y",3095,8.0375431851187,-Inf
"483","Male","Yes","0","Graduate","No",128,360,1,"Semiurban","Y",5233,7.64156444126097,8.05515773181968
"484","Male","Yes","0","Graduate","No",234,360,1,"Semiurban","Y",10833,9.29035230994557,-Inf
"485","Male","Yes","2","Graduate","No",246,360,1,"Semiurban","Y",8333,9.02797881438221,-Inf
"486","Male","Yes","1","Not Graduate","No",131,360,1,"Rural","Y",4394,7.57967882309046,7.79811262882979
"487","Male","No","2","Graduate","No",80,360,0,"Rural","N",3547,8.17385745477362,-Inf
"488","Male","Yes","1","Graduate","No",500,360,1,"Urban","N",18333,9.81645799356303,-Inf
"489","Male","Yes","2","Graduate","Yes",160,360,1,"Semiurban","Y",6666,8.43010908450912,7.64156444126097
"490","Male","No","0","Graduate","No",75,360,1,"Urban","N",2435,7.79770203551669,-Inf
"491","Male","No","0","Not Graduate","No",96,360,NA,"Semiurban","Y",5484,7.900636613018,7.93200315236138
"492","Male","Yes","1","Not Graduate","No",186,360,NA,"Urban","Y",6464,8.5816692106006,7.03085747611612
"493","Male","No","0","Not Graduate","No",110,360,1,"Rural","Y",3691,8.21365270303,-Inf
"494","Female","No","0","Not Graduate","Yes",225,360,1,"Semiurban","Y",17263,9.75632076181655,-Inf
"495","Male","Yes","0","Graduate","No",119,360,0,"Rural","N",5754,8.18785544369562,7.67647364638916
"496","Female","Yes","1","Graduate","No",105,84,1,"Semiurban","Y",4239,8.10952565975287,6.81673588059497
"497","Male","Yes","0","Not Graduate","No",107,360,1,"Rural","Y",4300,7.86326672400957,7.43838353004431
"498","Male","Yes","0","Graduate","No",111,12,NA,"Urban","Y",7482,8.43923164994653,7.95752740223077
"499","Male","Yes","1","Graduate","Yes",95,360,1,"Semiurban","Y",2895,7.9707403900071,-Inf
"500","Male","No","0","Graduate","No",209,360,0,"Rural","N",10699,8.74560285240295,8.39298958795693
"501","Female","No","0","Graduate","No",113,480,1,"Rural","Y",4328,6.46925031679577,8.21148291644507
"502","Female","No","0","Graduate","No",100,360,1,"Semiurban","Y",3159,8.05801080080209,-Inf
"503","Male","Yes","2","Graduate","No",208,360,1,"Semiurban","Y",10489,8.4898219946201,8.6347984334905
"504","Male","Yes","1","Not Graduate","No",138,360,NA,"Rural","N",9352,8.30647216010058,8.57583938684897
"505","Male","Yes","0","Not Graduate","No",124,300,1,"Semiurban","Y",5297,8.24643378616036,7.30182234213793
"506","Male","Yes","2","Graduate","No",243,360,1,"Rural","Y",7926,8.16337131645991,8.39298958795693
"507","Male","Yes","0","Graduate","No",480,360,NA,"Urban","Y",27500,9.94429354692838,8.80492526261806
"508","","No","0","Graduate","No",96,360,1,"Urban","N",3583,8.18395571730495,-Inf
"509","Male","Yes","0","Graduate","Yes",188,360,1,"Urban","Y",5492,7.81561053203519,8.0106915391303
"510","Female","No","1","Graduate","No",40,360,1,"Urban","Y",13262,9.49265808192881,-Inf
"511","Male","No","0","Not Graduate","No",100,360,1,"Rural","N",4885,8.18813341451048,7.16006920759613
"512","Male","Yes","1","Graduate","No",250,360,1,"Semiurban","Y",8069,8.71028982137815,7.60290046220476
"513","Male","Yes","2","Graduate","No",148,360,1,"Urban","Y",5318,8.09651291750159,7.6182510978767
"514","Male","Yes","0","Graduate","No",70,180,1,"Semiurban","N",8796,7.66387725870347,8.80477525886769
"515","Male","No","0","Graduate","No",311,360,1,"Rural","N",9481,8.66819606495276,8.20685642839965
"516","Male","Yes","3+","Graduate","No",150,360,1,"Rural","Y",6894,8.15075647027555,8.13973227971767
"517","Female","Yes","2","Graduate","No",113,480,1,"Semiurban","Y",3663,7.61628356158038,7.39756153552405
"518","Male","Yes","","Not Graduate","No",123,360,0,"Semiurban","N",4874,8.03073492409854,7.49554194388426
"519","Male","No","0","Graduate","No",185,360,1,"Semiurban","N",6598,8.45169420918354,7.55747290161475
"520","Female","No","0","Not Graduate","No",95,360,1,"Rural","N",3400,8.13153071060425,-Inf
"521","Male","Yes","2","Not Graduate","No",45,360,1,"Semiurban","Y",3934,7.69256964806791,7.46278915741245
"522","Male","No","0","Graduate","No",55,360,1,"Semiurban","Y",2500,7.82404601085629,-Inf
"523","Male","Yes","3+","Graduate","Yes",100,360,1,"Rural","Y",7101,8.64417820317073,7.26122509197192
"524","Male","Yes","2","Graduate","Yes",480,360,1,"Rural","Y",15114,8.98067560367171,8.8771028978649
"525","Male","No","0","Graduate","No",NA,360,1,"Semiurban","N",6767,8.45105338891169,7.6434829070772
"526","Male","Yes","2","Graduate","Yes",400,360,1,"Rural","Y",17500,9.76995615991161,-Inf
"527","Male","Yes","0","Graduate","No",110,360,1,"Semiurban","Y",3775,8.23615566168312,-Inf
"528","Male","Yes","1","Not Graduate","No",161,360,0,"Semiurban","Y",6715,8.57262789830434,7.26542972325395
"529","Male","No","1","Not Graduate","No",94,360,1,"Semiurban","Y",3981,7.89319886954461,7.17165682276851
"530","Male","No","0","Not Graduate","No",130,360,1,"Semiurban","Y",6783,8.82217476094608,-Inf
"531","Male","Yes","0","Graduate","No",216,360,NA,"Rural","Y",6525,6.93244789157251,8.61250337122056
"532","Male","Yes","3+","Graduate","No",100,360,1,"Urban","Y",4281,8.36194190614495,-Inf
"533","Male","No","2","Graduate","No",110,360,0,"Rural","N",3588,8.18535022317869,-Inf
"534","Male","No","1","Graduate","No",196,360,NA,"Semiurban","N",11250,9.32812340763257,-Inf
"535","Female","No","0","Not Graduate","Yes",125,360,1,"Urban","Y",18165,9.8072519446553,-Inf
"536","Male","No","0","Not Graduate","",126,360,1,"Rural","Y",4592,7.84384863815247,7.62168499872461
"537","Male","Yes","0","Graduate","No",324,360,1,"Urban","Y",10039,8.72143930562598,8.27026911143662
"538","Male","No","2","Graduate","No",107,360,1,"Semiurban","Y",3617,8.1934002319521,-Inf
"539","Male","Yes","0","Not Graduate","No",66,360,1,"Rural","N",3453,7.97831096986772,6.2841341610708
"540","Male","Yes","3+","Graduate","No",157,180,1,"Rural","Y",6417,8.76670599775052,-Inf
"541","Female","Yes","1","Graduate","No",140,180,1,"Semiurban","Y",7453,8.43554920237573,7.95331834656043
"542","Female","No","0","Graduate","No",99,360,0,"Semiurban","N",2138,7.66762609158499,-Inf
"543","Female","No","1","Graduate","",95,360,1,"Semiurban","Y",3652,8.20303024171486,-Inf
"544","Male","Yes","1","Not Graduate","No",128,360,1,"Urban","Y",4763,7.71378461659875,7.8336002236611
"545","Female","Yes","0","Not Graduate","No",102,360,NA,"Semiurban","Y",3680,8.01201823915906,6.49677499018586
"546","Male","Yes","0","Graduate","No",155,360,1,"Rural","Y",4718,7.92588031673756,7.57558465155779
"547","Male","No","0","Not Graduate","No",80,36,1,"Semiurban","N",3358,8.11910083763749,-Inf
"548","Male","No","0","Graduate","No",145,360,1,"Rural","Y",4309,7.83439230291044,7.48605261786314
"549","Female","No","0","Graduate","No",103,360,0,"Semiurban","N",5000,8.51719319141624,-Inf
"550","Male","Yes","0","Graduate","No",110,360,1,"Rural","Y",4801,7.93200315236138,7.60887062919126
"551","Male","Yes","2","Graduate","Yes",NA,360,0,"Rural","N",6633,8.79981246952556,-Inf
"552","Male","Yes","1","Not Graduate","No",NA,360,1,"Rural","Y",4867,7.82084087990734,7.77275271646874
"553","Male","Yes","1","Graduate","No",158,360,1,"Urban","Y",6583,8.11162807830774,8.08641027532378
"554","Male","Yes","0","Not Graduate","No",181,360,0,"Urban","N",4787,7.80547462527086,7.75491027202143
"555","Male","Yes","0","Graduate","No",132,180,0,"Rural","N",7859,8.18674278711352,8.3584318990313
"556","Male","Yes","1","Graduate","No",26,360,1,"Semiurban","Y",6500,8.60666819784384,6.93925394604151
"557","Female","No","0","Graduate","No",84,360,NA,"Urban","Y",4292,7.88870952418201,7.39326309476384
"558","Male","Yes","3+","Graduate","Yes",260,360,1,"Semiurban","Y",10139,9.22414465295258,-Inf
"559","Male","Yes","0","Graduate","No",162,360,1,"Semiurban","Y",6556,8.26539293085222,7.88945914940452
"560","Female","Yes","0","Graduate","No",182,360,1,"Semiurban","Y",6486,8.3380665255188,7.743269700829
"561","Male","Yes","2","Not Graduate","No",108,360,1,"Semiurban","Y",3917,8.20930841164694,5.48893772615669
"562","Female","Yes","1","Graduate","Yes",600,360,1,"Semiurban","Y",19484,9.87734889492643,-Inf
"563","Male","Yes","0","Graduate","No",211,360,1,"Rural","Y",7977,8.68659835627697,7.6275443904885
"564","Male","No","0","Not Graduate","Yes",132,360,1,"Semiurban","Y",5800,8.66561319653451,-Inf
"565","Male","Yes","2","Graduate","No",258,360,0,"Urban","N",8799,9.08239335764556,-Inf
"566","Male","Yes","0","Not Graduate","No",120,360,NA,"Rural","Y",4467,8.40447232135212,-Inf
"567","Male","No","0","Graduate","No",70,360,1,"Urban","Y",3333,8.11162807830774,-Inf
"568","Male","Yes","3+","Graduate","No",123,360,0,"Rural","N",5900,8.13153071060425,7.82404601085629
"569","Female","No","0","Graduate","No",9,360,1,"Urban","N",2378,7.77401507725073,-Inf
"570","Male","Yes","0","Graduate","No",104,360,0,"Urban","N",5230,8.06022424044096,7.63240112660145
"571","Male","Yes","1","Graduate","No",186,360,1,"Urban","Y",5167,8.13651825211529,7.46737106691756
"572","Male","Yes","","Graduate","No",165,360,0,"Urban","N",6567,8.54012816269873,7.28000825288419
"573","Male","Yes","2","Graduate","No",275,360,1,"Urban","Y",16666,9.72112599494215,-Inf
"574","Male","Yes","2","Not Graduate","No",187,480,1,"Semiurban","N",7750,8.72013403541293,7.39326309476384
"575","Male","Yes","3+","Graduate","No",150,360,1,"Semiurban","N",6406,8.7649903301691,-Inf
"576","Male","Yes","2","Graduate","No",108,84,1,"Urban","Y",3620,8.05801080080209,6.13339804299665
"577","","Yes","0","Graduate","No",136,360,0,"Semiurban","N",5297,8.03495502450216,7.7007477945118
"578","Male","No","0","Graduate","No",110,360,1,"Urban","Y",5968,8.07992777075827,7.91534816926308
"579","Male","Yes","1","Graduate","No",107,360,1,"Rural","Y",4014,7.48549160803075,7.7106533235012
"580","Male","No","0","Graduate","",161,360,1,"Urban","Y",6099,8.06526520889773,7.97831096986772
"581","Male","Yes","2","Graduate","No",205,360,1,"Semiurban","Y",6540,8.78569244445124,-Inf
"582","Male","No","0","Graduate","No",90,360,1,"Urban","N",35673,7.51534457118044,10.429310157308
"583","Female","Yes","0","Graduate","No",36,360,1,"Semiurban","Y",3166,8.06022424044096,-Inf
"584","Male","Yes","1","Graduate","No",61,360,NA,"Rural","N",1880,7.539027055824,-Inf
"585","Male","Yes","1","Graduate","No",146,360,0,"Rural","N",4704,7.93272102748195,7.55851674304564
"586","Male","Yes","1","Graduate","No",172,84,1,"Rural","N",7283,8.36240897761537,8.00636756765025
"587","Male","Yes","0","Graduate","No",104,360,1,"Urban","Y",3819,7.7393592026891,7.32778053842163
"588","Female","No","0","Not Graduate","No",70,360,1,"Semiurban","Y",2165,7.68017564043659,-Inf
"589","","No","0","Graduate","No",94,360,1,"Semiurban","Y",4750,8.46589989702869,-Inf
"590","Male","Yes","2","Graduate","Yes",106,360,0,"Semiurban","N",2726,7.91059061225648,-Inf
"591","Male","Yes","0","Graduate","No",56,180,1,"Semiurban","Y",6416,8.00636756765025,8.13622555490846
"592","Male","Yes","2","Graduate","Yes",205,240,1,"Semiurban","N",6000,8.69951474821019,-Inf
"593","","No","3+","Graduate","Yes",292,360,1,"Semiurban","Y",9357,9.14388000527591,-Inf
"594","Male","Yes","0","Graduate","No",142,180,1,"Rural","Y",7159,8.25816336153762,8.10167774745457
"595","Male","Yes","0","Graduate","Yes",260,360,1,"Urban","Y",16120,9.68781601606062,-Inf
"596","Male","No","0","Not Graduate","No",110,360,1,"Rural","Y",3833,8.25140306538056,-Inf
"597","Male","Yes","2","Not Graduate","Yes",187,360,1,"Rural","N",7383,8.76139348525606,6.90775527898214
"598","Male","No","","Graduate","No",88,360,0,"Semiurban","N",2987,8.00202481821611,-Inf
"599","Male","Yes","0","Graduate","Yes",180,360,1,"Rural","Y",9963,9.20663351004486,-Inf
"600","Male","Yes","2","Graduate","No",192,360,1,"Urban","Y",5780,8.66215896166642,-Inf
"601","Female","No","3+","Graduate","",350,180,NA,"Urban","N",42083,6.03068526026126,10.6374647275843
"602","Male","Yes","0","Not Graduate","",155,360,1,"Rural","Y",5686,7.97039490719143,7.93451346388226
"603","Male","Yes","3+","Graduate","No",128,360,1,"Urban","Y",5703,8.64874763115654,-Inf
"604","Male","No","0","Graduate","No",172,360,1,"Rural","Y",7977,8.20958048347558,8.36660283278374
"605","Female","Yes","1","Graduate","No",496,360,1,"Semiurban","Y",12000,9.39266192877014,-Inf
"606","Male","Yes","0","Not Graduate","No",NA,180,1,"Urban","N",6200,7.78322401633604,8.24275634571448
"607","Male","Yes","1","Graduate","No",173,360,1,"Semiurban","Y",5900,8.13153071060425,7.82404601085629
"608","Male","Yes","2","Not Graduate","No",157,360,1,"Rural","Y",5398,8.29079434738136,7.25205395185281
"609","Male","Yes","0","Graduate","No",108,360,1,"Rural","Y",5182,8.08085641964099,7.57558465155779
"610","Female","No","0","Graduate","No",71,360,1,"Rural","Y",2900,7.97246601597457,-Inf
"611","Male","Yes","3+","Graduate","No",40,180,1,"Rural","Y",4106,8.32020459757888,-Inf
"612","Male","Yes","1","Graduate","No",253,360,1,"Urban","Y",8312,8.99615656203344,5.48063892334199
"613","Male","Yes","2","Graduate","No",187,360,1,"Urban","Y",7583,8.93366417870094,-Inf
"614","Female","No","0","Graduate","Yes",133,360,0,"Semiurban","N",4583,8.43010908450912,-Inf
